"SNP","beta","se","pval","effect_allele","other_allele","exposure","EAF","F","chr","pos"
"rs7596389",-0.0414694,0.00232257,2.64667125127338e-71,"","","TUBA4A",NA,318.799681976877,"2",219150495
"rs556064674",0.536139,0.0867288,6.33811332387492e-10,"","","TUBA4A",NA,38.2144950229928,"2",219307343
"rs78632920",0.0534953,0.00889553,1.81300916701702e-09,"","","TUBA4A",NA,36.1649273840985,"2",219161648
"rs562760902",0.706144,0.124751,1.50987154329168e-08,"","","TUBA4A",NA,32.0404402947205,"2",219294247
"rs61733623",0.0791504,0.0140108,1.6116843916141e-08,"","","TUBA4A",NA,31.9139353248793,"2",219237252
"rs150123733",0.204244,0.0370655,3.58129420522272e-08,"","","TUBA4A",NA,30.3639934191196,"2",219260667
"rs142745463",-0.0348109,0.00637129,4.66283448790726e-08,"","","TUBA4A",NA,29.8521597467635,"2",219375871
"rs76525366",0.0690989,0.0128997,8.47988573006421e-08,"","","TUBA4A",NA,28.6934683376752,"2",219355024
"rs146775047",0.133922,0.0276484,1.27403101327175e-06,"","","TUBA4A",NA,23.4619359613763,"2",219196226
"rs186360422",1.87792,0.406615,3.86660670759762e-06,"","","TUBA4A",NA,21.3298294589171,"2",219247931
"rs2272017",-0.0236938,0.00524777,6.33082050013864e-06,"","","TUBA4A",NA,20.3854288210847,"2",219181627
"rs6714820",0.0772868,0.0172644,7.58245776624845e-06,"","","TUBA4A",NA,20.0404593939875,"2",219207081
