"SNP","beta","se","pval","effect_allele","other_allele","exposure","EAF","F","chr","pos"
"rs1424706934",1.71137,0.327689,1.76489958099004e-07,"","","FNBP1",NA,27.2749587934257,"9",130100319
"rs1273905626",5.35628,1.06252,4.6283905692326e-07,"","","FNBP1",NA,25.4127881608752,"9",130113061
"rs550427768",1.70256,0.343374,7.11082515348331e-07,"","","FNBP1",NA,24.584990024304,"9",129966733
"rs570846802",0.737452,0.149609,8.25752695441317e-07,"","","FNBP1",NA,24.296967647303,"9",130088997
"rs736056",0.0652398,0.0135549,1.48685973268976e-06,"","","FNBP1",NA,23.1650160829091,"9",129863438
"rs187871825",2.25098,0.471336,1.7905646242865e-06,"","","FNBP1",NA,22.8077292542716,"9",129816580
"rs150845143",0.0930175,0.0195912,2.05518063914053e-06,"","","FNBP1",NA,22.5427684140205,"9",130062315
"rs1282434814",2.89589,0.6129,2.30234286890616e-06,"","","FNBP1",NA,22.3246613540111,"9",129805826
"rs13297243",-0.0895457,0.0193119,3.53801768966855e-06,"","","FNBP1",NA,21.5000496954036,"9",130045626
"rs111416152",0.149561,0.0325491,4.32912374502827e-06,"","","FNBP1",NA,21.1134279906315,"9",130139126
"rs79919875",-0.515267,0.112682,4.81348918084699e-06,"","","FNBP1",NA,20.9100737693126,"9",129902687
"rs74704993",0.0944823,0.0208521,5.86880932893816e-06,"","","FNBP1",NA,20.530584590072,"9",130028028
"rs10114016",-0.418196,0.0936409,7.97113198164417e-06,"","","FNBP1",NA,19.9447497163456,"9",130004125
"rs183700922",3.64026,0.820402,9.11506982774247e-06,"","","FNBP1",NA,19.6884436180254,"9",129979227
"rs1483866971",1.63586,0.369797,9.70375895600052e-06,"","","FNBP1",NA,19.5688587812492,"9",129931624
