"SNP","beta","se","pval","effect_allele","other_allele","exposure","EAF","F","chr","pos"
"rs145421181",4.26079,0.841356,4.10147435110018e-07,"","","TUBA3E",NA,25.6460607845984,"2",130140182
"rs1354743500",2.35659,0.465591,4.15977652766867e-07,"","","TUBA3E",NA,25.6188073297016,"2",130097600
"rs78308179",1.46793,0.308104,1.89404372194484e-06,"","","TUBA3E",NA,22.6994857851769,"2",130172005
"rs926406307",1.87994,0.39614,2.07845200328631e-06,"","","TUBA3E",NA,22.5211510111298,"2",130225660
"rs1286981709",5.50546,1.20206,4.64975424942668e-06,"","","TUBA3E",NA,20.9765920307874,"2",130273812
"rs1347666295",4.29761,0.944929,5.41364782354395e-06,"","","TUBA3E",NA,20.6850058271144,"2",130202401
