"SNP","beta","se","pval","effect_allele","other_allele","exposure","EAF","F","chr","pos"
"rs570516915",2.15718,0.13709,8.6297854776697e-56,"","","TRAF3IP3",NA,247.606030267183,"1",209816078
"rs846906",0.14014,0.0264895,1.22047812547464e-07,"","","TRAF3IP3",NA,27.9883118687698,"1",209714373
"rs1190077548",6.07711,1.23312,8.29755232913607e-07,"","","TRAF3IP3",NA,24.2875390362016,"1",209727123
"rs1233069908",4.47458,0.91489,1.00406077244732e-06,"","","TRAF3IP3",NA,23.9203094093563,"1",209667686
"rs140907452",3.67217,0.773501,2.05977603060491e-06,"","","TRAF3IP3",NA,22.5384371225668,"1",209697108
"rs555607417",1.68058,0.358142,2.69885778361615e-06,"","","TRAF3IP3",NA,22.0195212667531,"1",209837921
"rs6540554",-0.0257119,0.00550954,3.05942633008863e-06,"","","TRAF3IP3",NA,21.778986203551,"1",209758952
"rs113302433",0.0890819,0.0195594,5.25266858460294e-06,"","","TRAF3IP3",NA,20.7428241761275,"1",209789351
"rs1160393744",-1.1172,0.248049,6.6700639840271e-06,"","","TRAF3IP3",NA,20.2855549422325,"1",209680126
"rs1250334624",2.33204,0.51889,6.97991284790633e-06,"","","TRAF3IP3",NA,20.1986055664348,"1",209872036
"rs35303691",0.0974403,0.0218152,7.94639227007515e-06,"","","TRAF3IP3",NA,19.950731642536,"1",209826713
"rs1052605166",3.83886,0.863013,8.65884568771274e-06,"","","TRAF3IP3",NA,19.7865406936325,"1",209858879
"rs72741019",0.619542,0.139616,9.10164725698675e-06,"","","TRAF3IP3",NA,19.6911519819691,"1",209748686
"rs754779259",2.82705,0.639855,9.94970031518859e-06,"","","TRAF3IP3",NA,19.521080089194,"1",209802347
