"SNP","beta","se","pval","effect_allele","other_allele","exposure","EAF","F","chr","pos"
"rs79129787",0.0159859,0.00284052,1.8251140148043e-08,"","","GZMB",NA,31.6722182084571,"14",24611343
"rs143406293",2.28229,0.41759,4.61923439157105e-08,"","","GZMB",NA,29.8704300008459,"14",24553971
"rs989524583",2.60859,0.507844,2.79769263785465e-07,"","","GZMB",NA,26.3846294106374,"14",24584101
"rs193015378",-0.862967,0.175458,8.72629719813733e-07,"","","GZMB",NA,24.1903430801673,"14",24659668
"rs772589951",2.54403,0.528212,1.46237919565344e-06,"","","GZMB",NA,23.1967920903084,"14",24600517
"rs568147412",4.29397,0.901342,1.89819139371303e-06,"","","GZMB",NA,22.6954498254488,"14",24671225
"rs550834798",2.08325,0.437508,1.92039249476295e-06,"","","GZMB",NA,22.673093743766,"14",24723247
"rs543735117",1.17527,0.247652,2.07821272643049e-06,"","","GZMB",NA,22.5212048911592,"14",24531085
"rs17795377",0.447717,0.094777,2.31366245970354e-06,"","","GZMB",NA,22.3152242021786,"14",24702459
"rs12232106",0.108391,0.0231504,2.84059945900647e-06,"","","GZMB",NA,21.9214585916424,"14",24646711
"rs72679390",1.32,0.284095,3.3791696817388e-06,"","","GZMB",NA,21.5884112092806,"14",24543583
"rs45442494",-0.0490545,0.0105855,3.5847592990273e-06,"","","GZMB",NA,21.4750880846382,"14",24632269
"rs146977096",2.11964,0.469191,6.25302262399815e-06,"","","GZMB",NA,20.4091476351801,"14",24733819
