"SNP","beta","se","pval","effect_allele","other_allele","exposure","EAF","F","chr","pos"
"rs200317762",1.4013,0.165082,2.09314830344744e-17,"","","TUBA1A",NA,72.054780647909,"12",49272869
"rs10875923",-0.0293569,0.00455113,1.11503885188808e-10,"","","TUBA1A",NA,41.608485179424,"12",49136352
"rs2117028",0.0308767,0.00506971,1.12615974690787e-09,"","","TUBA1A",NA,37.093304247086,"12",49087165
"rs7966475",0.0229804,0.00436671,1.42016890690885e-07,"","","TUBA1A",NA,27.6953250200742,"12",49175242
"rs111883829",0.0781785,0.015411,3.91786980654429e-07,"","","TUBA1A",NA,25.7343394930624,"12",49283559
"rs117557198",-0.073496,0.0157928,3.25911736313484e-06,"","","TUBA1A",NA,21.6575405259316,"12",49262165
"rs542193547",1.20489,0.25907,3.30628281658216e-06,"","","TUBA1A",NA,21.6302007279799,"12",49115287
"rs113720680",-0.244976,0.0533974,4.47950473508045e-06,"","","TUBA1A",NA,21.0478071612764,"12",49191711
