"SNP","beta","se","pval","effect_allele","other_allele","exposure","EAF","F","chr","pos"
"rs199988007",-0.0255047,0.00353388,5.30640019194775e-13,"","","LAMP3",NA,52.0878993114198,"3",183153333
"rs35069869",0.0105833,0.00167091,2.3907821243756e-10,"","","LAMP3",NA,40.1177065908118,"3",183245503
"rs12637471",-0.128309,0.0241627,1.09493918926993e-07,"","","LAMP3",NA,28.1983253357816,"3",183044649
"rs555760474",2.19189,0.417659,1.53716327497107e-07,"","","LAMP3",NA,27.5418952337775,"3",183105082
"rs1502761",1.15355,0.234906,9.07611520840209e-07,"","","LAMP3",NA,24.1148534838945,"3",183176885
"rs546773852",3.00207,0.633112,2.11860503462679e-06,"","","LAMP3",NA,22.4843604401934,"3",183130409
"rs4558785",-0.131445,0.0279991,2.67109909380616e-06,"","","LAMP3",NA,22.0394117264019,"3",183119169
"rs554139322",0.71996,0.155323,3.56516800199489e-06,"","","LAMP3",NA,21.4854867120159,"3",183195204
"rs529638561",0.963757,0.216915,8.87094731588282e-06,"","","LAMP3",NA,19.7403987286568,"3",183258044
