"SNP","beta","se","pval","effect_allele","other_allele","exposure","EAF","F","chr","pos"
"rs1057326347",3.82288,0.345309,1.73700072613737e-28,"","","LAG3",NA,122.564736520251,"12",6765998
"rs201977667",-0.145885,0.0204134,8.90225438010212e-13,"","","LAG3",NA,51.0729081939178,"12",6861056
"rs66951403",-0.015709,0.00278267,1.64892157315083e-08,"","","LAG3",NA,31.8693838865324,"12",6727671
"rs73258787",3.30251,0.677441,1.08820320333266e-06,"","","LAG3",NA,23.7654109135727,"12",6836972
"rs55863239",-4.20573,0.892897,2.474685422185e-06,"","","LAG3",NA,22.1860531513536,"12",6805106
"rs146420208",2.2005,0.471478,3.05267099323117e-06,"","","LAG3",NA,21.78310980098,"12",6685180
"rs782608488",5.19899,1.14432,5.53783484976292e-06,"","","LAG3",NA,20.6415823859375,"12",6818684
"rs189002179",0.461534,0.10221,6.3150966261003e-06,"","","LAG3",NA,20.3901595075607,"12",6873638
"rs548649388",1.90177,0.423279,7.02457413078997e-06,"","","LAG3",NA,20.1865703413824,"12",6709058
"rs889960780",4.05322,0.903034,7.17447290861577e-06,"","","LAG3",NA,20.1461540045187,"12",6753483
"rs7967888",0.0805485,0.0180819,8.40368954464082e-06,"","","LAG3",NA,19.84388896591,"12",6788073
