"SNP","beta","se","pval","effect_allele","other_allele","exposure","EAF","F","chr","pos"
"rs10021017",-0.0561021,0.00654851,1.06071814963532e-17,"","","SLC39A8",NA,73.3961442993718,"4",102485291
"rs74649783",0.444454,0.0706675,3.18771877244113e-10,"","","SLC39A8",NA,39.5561653004084,"4",102502645
"rs13107325",0.0465617,0.00928605,5.32672161144446e-07,"","","SLC39A8",NA,25.1417568028548,"4",102267552
"rs963304988",0.993494,0.200196,6.95504589239535e-07,"","","SLC39A8",NA,24.6274647178359,"4",102156226
"rs1405612243",2.94543,0.595488,7.56588960240854e-07,"","","SLC39A8",NA,24.4653471992058,"4",102188898
"rs79843117",1.18717,0.241393,8.74379566558508e-07,"","","SLC39A8",NA,24.1866924619624,"4",102520865
"rs1454032010",1.5065,0.306357,8.76778718680459e-07,"","","SLC39A8",NA,24.181467644062,"4",102456345
"rs115212877",0.322469,0.0662748,1.14088008702246e-06,"","","SLC39A8",NA,23.6744059357525,"4",102168985
"rs866269007",3.43194,0.730235,2.60459378545755e-06,"","","SLC39A8",NA,22.0878825132415,"4",102332195
"rs1026245942",1.89043,0.402422,2.63214615105123e-06,"","","SLC39A8",NA,22.0677355580762,"4",102202782
"rs112673097",0.0321663,0.00693948,3.56483965300833e-06,"","","SLC39A8",NA,21.4856431964931,"4",102281770
"rs150830266",0.207283,0.0453774,4.92447571418756e-06,"","","SLC39A8",NA,20.8664300758273,"4",102353953
"rs1378557700",0.62384,0.137672,5.86084181680067e-06,"","","SLC39A8",NA,20.533131690255,"4",102227743
"rs188937106",1.54892,0.341844,5.86880932893816e-06,"","","SLC39A8",NA,20.530619386973,"4",102312325
"rs138505351",-0.406516,0.0898522,6.0602424614246e-06,"","","SLC39A8",NA,20.4690580163171,"4",102427914
