"SNP","beta","se","pval","effect_allele","other_allele","exposure","EAF","F","chr","pos"
"rs6715018",4.12824,0.766533,7.22021283924499e-08,"","","MREG",NA,29.0046856063302,"2",216104423
"rs1124134",-0.0323328,0.0065276,7.29843929305742e-07,"","","MREG",NA,24.5346329006694,"2",215953261
"rs751243204",1.40116,0.290602,1.42439355519598e-06,"","","MREG",NA,23.2476074430352,"2",215844586
"rs143656152",-0.239658,0.0500304,1.66571232806881e-06,"","","MREG",NA,22.9464713939006,"2",216040978
"rs76422767",-0.0309402,0.00650931,2.00193512702193e-06,"","","MREG",NA,22.5931259578999,"2",215909318
"rs80177752",-0.53041,0.112901,2.62718103269357e-06,"","","MREG",NA,22.0712957122325,"2",215894277
"rs1289836363",3.18505,0.679553,2.77268159761239e-06,"","","MREG",NA,21.9677633127514,"2",216013652
"rs3755154",-0.125891,0.0269058,2.88363308697204e-06,"","","MREG",NA,21.8926103486676,"2",215999834
"rs1007470435",6.47645,1.4009,3.78102892723908e-06,"","","MREG",NA,21.3727183878881,"2",215926654
"rs190672839",-0.395177,0.085597,3.89852209552348e-06,"","","MREG",NA,21.3140623689304,"2",216092825
"rs190903988",4.23826,0.920074,4.09628344219898e-06,"","","MREG",NA,21.2192326331382,"2",216130315
"rs4672790",-0.115496,0.0253438,5.18477602234779e-06,"","","MREG",NA,20.7677965942172,"2",216027723
"rs1394872982",2.49462,0.551609,6.11265662176101e-06,"","","MREG",NA,20.4524864120523,"2",215865453
"rs1262079890",2.32243,0.523497,9.14871292080853e-06,"","","MREG",NA,19.6814400324245,"2",216082009
