"SNP","beta","se","pval","effect_allele","other_allele","exposure","EAF","F","chr","pos"
"rs464901",-0.0418167,0.00672191,4.94128609741696e-10,"","","TUBA8",NA,38.7002818078891,"22",18114735
"rs145621219",0.345778,0.0572974,1.59154894849391e-09,"","","TUBA8",NA,36.4187374142428,"22",18126726
"rs9617651",-0.0624749,0.0113688,3.90067709384353e-08,"","","TUBA8",NA,30.1982576669128,"22",18027182
"rs1312137799",3.90475,0.763057,3.10027344199819e-07,"","","TUBA8",NA,26.1862015140637,"22",18149806
"rs193262333",3.79836,0.767394,7.43344273323694e-07,"","","TUBA8",NA,24.499400034724,"22",18078126
"rs910770827",3.18252,0.657874,1.31425609566218e-06,"","","TUBA8",NA,23.4022081267941,"22",18039250
"rs576257574",-1.60022,0.343412,3.16584756625885e-06,"","","TUBA8",NA,21.7134310722958,"22",18187575
"rs73155235",-0.1375,0.029519,3.19300795107466e-06,"","","TUBA8",NA,21.6971211657713,"22",18067924
"rs1396505516",2.7247,0.612468,8.63853306695108e-06,"","","TUBA8",NA,19.7911293814394,"22",18016388
