"SNP","beta","se","pval","effect_allele","other_allele","exposure","EAF","F","chr","pos"
"rs755634302",0.33888,0.0149729,2.05116217882555e-113,"","","CLEC10A",NA,512.247713739675,"17",7017940
"rs183214551",0.521475,0.0426852,2.52988045588794e-34,"","","CLEC10A",NA,149.249314221359,"17",7104969
"rs12945299",-0.042047,0.00561646,7.07945784384137e-14,"","","CLEC10A",NA,56.0460086282707,"17",7176750
"rs112501453",1.16935,0.225058,2.03849664022212e-07,"","","CLEC10A",NA,26.9960441468262,"17",7142233
"rs138312422",0.210447,0.0405331,2.0806067350902e-07,"","","CLEC10A",NA,26.9566449104471,"17",6978438
"rs178340",0.0757123,0.0150361,4.76902940252014e-07,"","","CLEC10A",NA,25.3549330488701,"17",7085349
"rs189596284",3.01792,0.603197,5.63819380427908e-07,"","","CLEC10A",NA,25.0320893626799,"17",7165518
"rs150011584",2.1753,0.452363,1.51883291404945e-06,"","","CLEC10A",NA,23.1240643110921,"17",7071043
"rs202161874",1.89948,0.419182,5.85962738481002e-06,"","","CLEC10A",NA,20.5335575337667,"17",7003137
"rs377377159",-0.452107,0.100845,7.35326131675878e-06,"","","CLEC10A",NA,20.0989662980223,"17",6991973
"rs34269551",2.30013,0.517501,8.80237770591345e-06,"","","CLEC10A",NA,19.7552430916143,"17",7042499
