"SNP","beta","se","pval","effect_allele","other_allele","exposure","EAF","F","chr","pos"
"rs187345738",0.056848,0.00153061224489796,1e-300,"G",NA,"CLEC10A",0.992322,1379.43110128071,"17",7064853
"rs78714016",0.75477135,0.038265306122449,6e-122,"A",NA,"CLEC10A",0.0062415,389.063446091308,"17",7078084
"rs10521152",0.03945081,0.00280612244897959,2e-54,"A",NA,"CLEC10A",0.1402931,197.650816506938,"17",7098259
"rs554165245",0.68932396,0.0663265306122449,2e-30,"A",NA,"CLEC10A",0.0020272,108.012044488902,"17",7052654
"rs4796367",0.61,0.0831061529805731,2e-12,"T","C","CLEC10A",NA,53.8757478707372,"chr17",7084936
"rs314239",0.38,0.0544270475860042,2.6e-11,"A","G","CLEC10A",NA,48.7458491558141,"chr17",7110046
"rs1698226",0.21,0.0313859643421941,1.9e-10,"G","T","CLEC10A",NA,44.7679940875361,"chr17",7130356
"rs147664497",0.6,0.0927003681416911,8e-10,"T","C","CLEC10A",NA,41.8928187765212,"chr17",7095397
"rs16956120",-1.4,0.221192948008314,2e-09,"G","A","CLEC10A",NA,40.0602373127729,"chr17",6686176
"rs116796980",-1.3,0.239698161876765,4.1e-07,"A","G","CLEC10A",NA,29.4142173544961,"chr17",6698785
"rs62059198",0.34,0.0641076598515038,7.8e-07,"T","G","CLEC10A",NA,28.1279438345255,"chr17",7317378
"rs73232292",-1.1,0.217217803815092,2.7e-06,"T","C","CLEC10A",NA,25.644517569908,"chr17",7360811
"rs9913560",-1.5,0.296627054986401,2.8e-06,"A","C","CLEC10A",NA,25.5717822815662,"chr17",6975069
"rs16955775",-1.6,0.317259317972968,3e-06,"G","A","CLEC10A",NA,25.4337965385923,"chr17",6305545
"rs115392553",-0.67,0.135928624288119,5.3e-06,"T","A","CLEC10A",NA,24.2956074748124,"chr17",7595735
"rs144068284",-1.4,0.28424873575126,5.4e-06,"T","C","CLEC10A",NA,24.2582232087881,"chr17",6451101
"",-0.69,0.142932292714387,8.7e-06,"CA","C","CLEC10A",NA,23.3043750646075,"chr17",7074512
"rs5435",0.45,0.0936129822042438,9.6e-06,"C","T","CLEC10A",NA,23.107494918981,"chr17",7283804
"rs77849423",-1.8,0.374951575123291,9.9e-06,"A","C","CLEC10A",NA,23.0459516016475,"chr17",6221766
"rs75122830",-1.5,0.312459645936076,9.9e-06,"C","G","CLEC10A",NA,23.0459516016475,"chr17",7307378
