"SNP","beta","se","pval","effect_allele","other_allele","exposure","EAF","F","chr","pos"
"rs142239370",0.470944,0.0888885,1.16982258029175e-07,"","","PRF1",NA,28.0703211491728,"10",70623113
"rs12571825",0.0347078,0.00665385,1.8262910886979e-07,"","","PRF1",NA,27.2087230453991,"10",70498551
"rs117853866",0.259881,0.0504753,2.62319152170118e-07,"","","PRF1",NA,26.5088715498708,"10",70649268
"rs1302069819",-0.156279,0.0325505,1.57768392305608e-06,"","","PRF1",NA,23.0507955685254,"10",70540354
"rs7086704",-0.0407969,0.00854778,1.81677020981881e-06,"","","PRF1",NA,22.7796819483429,"10",70550809
"rs192296550",2.85716,0.615979,3.51115498523587e-06,"","","PRF1",NA,21.5147998371705,"10",70563803
"rs10823578",0.0345028,0.00751683,4.43088011893327e-06,"","","PRF1",NA,21.0687720644589,"10",70587674
"rs1079352",0.251758,0.0549941,4.69666949584554e-06,"","","PRF1",NA,20.9572532535007,"10",70693809
"rs576321864",0.708669,0.154969,4.80828276842037e-06,"","","PRF1",NA,20.9120789404,"10",70677743
"rs757214661",4.54675,1.00272,5.77643645300897e-06,"","","PRF1",NA,20.5609319745593,"10",70522662
"rs184379118",-0.188937,0.0416809,5.81687859950534e-06,"","","PRF1",NA,20.5475409444667,"10",70638817
