"SNP","beta","se","pval","effect_allele","other_allele","exposure","EAF","F","chr","pos"
"rs35947132",0.1021,0.00841836734693878,7e-34,"G",NA,"PRF1",0.9578,147.094264301194,"10",70600631
"rs142239370",0.470944,0.0888885,1.16982258029175e-07,"","","PRF1",NA,28.0703211491728,"10",70623113
"rs12571825",0.0347078,0.00665385,1.8262910886979e-07,"","","PRF1",NA,27.2087230453991,"10",70498551
"rs117853866",0.259881,0.0504753,2.62319152170118e-07,"","","PRF1",NA,26.5088715498708,"10",70649268
"rs4747116",0.24,0.044986078608228,6.6e-07,"C","T","PRF1",NA,28.4620520038519,"chr10",70928993
"rs827329",0.3,0.056377431971964,7.1e-07,"G","A","PRF1",NA,28.3160017338221,"chr10",70917978
"rs827296",0.28,0.0539279087777286,1.4e-06,"C","T","PRF1",NA,26.9580766426861,"chr10",70941810
"rs1302069819",-0.156279,0.0325505,1.57768392305608e-06,"","","PRF1",NA,23.0507955685254,"10",70540354
"rs827248",1.8,0.349957210960644,1.8e-06,"T","C","PRF1",NA,26.4554477861243,"chr10",70874555
"rs7086704",-0.0407969,0.00854778,1.81677020981881e-06,"","","PRF1",NA,22.7796819483429,"10",70550809
"rs112839856",0.55,0.108763253495014,2.8e-06,"C","T","PRF1",NA,25.5717822815662,"chr10",70526229
"rs45576535",0.55,0.108763253495014,2.8e-06,"T","C","PRF1",NA,25.5717822815662,"chr10",70538924
"rs140969288",1,0.199270133803475,3.4e-06,"C","T","PRF1",NA,25.1834702526843,"chr10",70252664
"rs192296550",2.85716,0.615979,3.51115498523587e-06,"","","PRF1",NA,21.5147998371705,"10",70563803
"rs10823578",0.0345028,0.00751683,4.43088011893327e-06,"","","PRF1",NA,21.0687720644589,"10",70587674
"rs1079352",0.251758,0.0549941,4.69666949584554e-06,"","","PRF1",NA,20.9572532535007,"10",70693809
"rs576321864",0.708669,0.154969,4.80828276842037e-06,"","","PRF1",NA,20.9120789404,"10",70677743
"rs757214661",4.54675,1.00272,5.77643645300897e-06,"","","PRF1",NA,20.5609319745593,"10",70522662
"rs184379118",-0.188937,0.0416809,5.81687859950534e-06,"","","PRF1",NA,20.5475409444667,"10",70638817
"rs66812897",-0.27,0.0553478880522522,6.8e-06,"A","G","PRF1",NA,23.7971758915644,"chr10",71552579
