"SNP","beta","se","pval","effect_allele","other_allele","exposure","EAF","F","chr","pos"
"rs35947132",0.1021,0.00841836734693878,7e-34,"G",NA,"PRF1",0.9578,147.094264301194,"10",70600631
"rs4747116",0.24,0.044986078608228,6.6e-07,"C","T","PRF1",NA,28.4620520038519,"chr10",70928993
"rs827329",0.3,0.056377431971964,7.1e-07,"G","A","PRF1",NA,28.3160017338221,"chr10",70917978
"rs827296",0.28,0.0539279087777286,1.4e-06,"C","T","PRF1",NA,26.9580766426861,"chr10",70941810
"rs827248",1.8,0.349957210960644,1.8e-06,"T","C","PRF1",NA,26.4554477861243,"chr10",70874555
"rs112839856",0.55,0.108763253495014,2.8e-06,"C","T","PRF1",NA,25.5717822815662,"chr10",70526229
"rs45576535",0.55,0.108763253495014,2.8e-06,"T","C","PRF1",NA,25.5717822815662,"chr10",70538924
"rs140969288",1,0.199270133803475,3.4e-06,"C","T","PRF1",NA,25.1834702526843,"chr10",70252664
"rs66812897",-0.27,0.0553478880522522,6.8e-06,"A","G","PRF1",NA,23.7971758915644,"chr10",71552579
