"SNP","beta","se","pval","effect_allele","other_allele","exposure","EAF","F","chr","pos"
"rs2547319",0.068669215,0.00535714285714286,1e-59,"G",NA,"NKG7",0.72915488,164.307621935712,"19",51379895
"rs3745403",0.39,0.0548989555861968,1.1e-11,"A","G","NKG7",NA,50.4662516862604,"chr19",51367941
"rs12975011",0.28,0.0529787650049077,8.6e-07,"A","G","NKG7",NA,27.9326668953977,"chr19",51347815
"rs10423246",-0.7,0.135492577536104,1.6e-06,"T","C","NKG7",NA,26.6910138574371,"chr19",50708433
"rs4801878",-0.18,0.035737776956338,3.1e-06,"C","T","NKG7",NA,25.3682168929463,"chr19",51591789
"rs117260314",0.78,0.157468481945733,4.7e-06,"C","T","NKG7",NA,24.5358960984965,"chr19",50688387
"rs1241463",-0.64,0.133198211048493,9.7e-06,"T","C","NKG7",NA,23.0867693449099,"chr19",51987700
