"SNP","beta","se","pval","effect_allele","other_allele","exposure","EAF","F","chr","pos"
"rs564957276",-0.0280659,0.00429807,6.58112288238901e-11,"","","NKG7",NA,42.639389538675,"19",51311827
"rs2062655",0.0120525,0.00205404,4.41875578788719e-09,"","","NKG7",NA,34.4299575209111,"19",51300609
"rs143183042",4.0999,0.767434,9.1752942311619e-08,"","","NKG7",NA,28.5406891835847,"19",51415921
"rs148108087",-0.0420978,0.00853056,8.01770365298809e-07,"","","NKG7",NA,24.3536307598707,"19",51278201
"rs540484080",2.08602,0.433104,1.46133571982876e-06,"","","NKG7",NA,23.1981069565913,"19",51403146
"rs868266519",0.807162,0.169847,2.01136088437181e-06,"","","NKG7",NA,22.5842490728749,"19",51358839
"rs117805505",0.0177279,0.00378797,2.8680056330869e-06,"","","NKG7",NA,21.9028951872908,"19",51453247
"rs201159850",-0.162926,0.0350872,3.42609972488137e-06,"","","NKG7",NA,21.5617182010169,"19",51325423
"rs756024158",0.54696,0.118252,3.7391251378962e-06,"","","NKG7",NA,21.394106055255,"19",51375219
