"SNP","beta","se","pval","effect_allele","other_allele","exposure","EAF","F","chr","pos"
"rs2547319",0.068669215,0.00535714285714286,1e-59,"G",NA,"NKG7",0.72915488,164.307621935712,"19",51379895
"rs3745403",0.39,0.0548989555861968,1.1e-11,"A","G","NKG7",NA,50.4662516862604,"chr19",51367941
"rs564957276",-0.0280659,0.00429807,6.58112288238901e-11,"","","NKG7",NA,42.639389538675,"19",51311827
"rs2062655",0.0120525,0.00205404,4.41875578788719e-09,"","","NKG7",NA,34.4299575209111,"19",51300609
"rs143183042",4.0999,0.767434,9.1752942311619e-08,"","","NKG7",NA,28.5406891835847,"19",51415921
"rs148108087",-0.0420978,0.00853056,8.01770365298809e-07,"","","NKG7",NA,24.3536307598707,"19",51278201
"rs12975011",0.28,0.0529787650049077,8.6e-07,"A","G","NKG7",NA,27.9326668953977,"chr19",51347815
"rs540484080",2.08602,0.433104,1.46133571982876e-06,"","","NKG7",NA,23.1981069565913,"19",51403146
"rs10423246",-0.7,0.135492577536104,1.6e-06,"T","C","NKG7",NA,26.6910138574371,"chr19",50708433
"rs868266519",0.807162,0.169847,2.01136088437181e-06,"","","NKG7",NA,22.5842490728749,"19",51358839
"rs117805505",0.0177279,0.00378797,2.8680056330869e-06,"","","NKG7",NA,21.9028951872908,"19",51453247
"rs4801878",-0.18,0.035737776956338,3.1e-06,"C","T","NKG7",NA,25.3682168929463,"chr19",51591789
"rs201159850",-0.162926,0.0350872,3.42609972488137e-06,"","","NKG7",NA,21.5617182010169,"19",51325423
"rs117260314",0.78,0.157468481945733,4.7e-06,"C","T","NKG7",NA,24.5358960984965,"chr19",50688387
"rs1241463",-0.64,0.133198211048493,9.7e-06,"T","C","NKG7",NA,23.0867693449099,"chr19",51987700
