"SNP","beta","se","pval","effect_allele","other_allele","exposure","EAF","F","chr","pos"
"rs10875923",-0.0293569,0.00455113,1.11503885188808e-10,"","","TUBA1B",NA,41.608485179424,"12",49136352
"rs2117028",0.0308767,0.00506971,1.12615974690787e-09,"","","TUBA1B",NA,37.093304247086,"12",49087165
"rs7966475",0.0229804,0.00436671,1.42016890690885e-07,"","","TUBA1B",NA,27.6953250200742,"12",49175242
"rs190615884",0.856436,0.168515,3.72958062463518e-07,"","","TUBA1B",NA,25.8293037414785,"12",49105712
"rs148651420",0.0909491,0.0186852,1.13049852488828e-06,"","","TUBA1B",NA,23.6919774218932,"12",49212602
"rs3837453",0.0269784,0.00566236,1.89304091223645e-06,"","","TUBA1B",NA,22.7006046065791,"12",49047594
"rs181745558",0.217748,0.0466865,3.10063039471624e-06,"","","TUBA1B",NA,21.7533283710774,"12",49066433
"rs113720680",-0.244976,0.0533974,4.47950473508045e-06,"","","TUBA1B",NA,21.0478071612764,"12",49191711
