"SNP","beta","se","pval","effect_allele","other_allele","exposure","EAF","F","chr","pos"
"rs7958241",0.0130618,0.00153061224489796,9e-19,"A",NA,"TUBA1B",0.656021,72.8241949858204,"12",49115479
"rs7978659",-0.18,0.025739003198598,2.4e-11,"T","G","TUBA1B",NA,48.9059345711612,"chr12",49113344
"rs12229524",-0.18,0.0258747665832132,3.1e-11,"T","C","TUBA1B",NA,48.3940678228868,"chr12",49191570
"rs6580702",0.01857,0.00280612244897959,4e-11,"A",NA,"TUBA1B",0.6579,43.7935923252892,"12",49169483
"rs12227610",-0.18,0.02601213559467,4e-11,"A","G","TUBA1B",NA,47.8842833236292,"chr12",49146153
"rs11168874",-0.17,0.0247777207438968,6e-11,"T","C","TUBA1B",NA,47.0733531074129,"chr12",49133753
"rs58336603",-0.17,0.0247777207438968,6e-11,"T","C","TUBA1B",NA,47.0733531074129,"chr12",49163105
"rs10875930",-0.17,0.0247777207438968,6e-11,"G","C","TUBA1B",NA,47.0733531074129,"chr12",49175216
"rs3741621",-0.18,0.0262712769068311,6.4e-11,"C","T","TUBA1B",NA,46.9442760651377,"chr12",49100242
"rs11168919",-0.17,0.0272423983705631,3.5e-09,"T","C","TUBA1B",NA,38.9410057369021,"chr12",49207914
"rs11168838",-0.16,0.0270100678187623,2.4e-08,"T","A","TUBA1B",NA,35.0904240131969,"chr12",49061223
"rs2241726",-0.15,0.0255321239159341,3.2e-08,"A","G","TUBA1B",NA,34.5150598682934,"chr12",49050762
"rs34546217",-0.16,0.0273495499377932,3.7e-08,"T","TC","TUBA1B",NA,34.2246958486044,"chr12",49022263
"rs145561284",-1.4,0.242388617351479,5.7e-08,"T","C","TUBA1B",NA,33.3604291382237,"chr12",50074258
"rs34145048",-0.14,0.0243348544632598,6.5e-08,"CCTT","C","TUBA1B",NA,33.0977571341015,"chr12",49011863
"rs12821008",-0.15,0.0265698852598995,1.2e-07,"T","C","TUBA1B",NA,31.8715481883287,"chr12",49080822
"rs10875915",-0.14,0.0250254757328719,1.6e-07,"T","C","TUBA1B",NA,31.2961840434252,"chr12",49036311
"rs10783299",-0.14,0.0250740945253105,1.7e-07,"C","T","TUBA1B",NA,31.1749347997923,"chr12",48996894
"rs2232570",0.21,0.0425371999324028,5.1e-06,"C","G","TUBA1B",NA,24.372540036468,"chr12",48568198
"rs140121590",0.9424406,0.209183673469388,7e-06,"rs140121590",NA,"TUBA1B",NA,20.2979605201912,"12",49184799
