"SNP","beta","se","pval","effect_allele","other_allele","exposure","EAF","F","chr","pos"
"rs74291906",0.0940095,0.0134885,3.17833741214622e-12,"","","PPP2CA",NA,48.5753762440618,"5",134193705
"rs62381364",0.0178654,0.00264969,1.55739938908085e-11,"","","PPP2CA",NA,45.4606200911419,"5",134284275
"rs244676",-0.0526441,0.00794506,3.44825996552623e-11,"","","PPP2CA",NA,43.9040969041955,"5",134095924
"rs184779635",-0.235566,0.0368476,1.62682186190265e-10,"","","PPP2CA",NA,40.870203743016,"5",134117224
"rs752984938",0.584483,0.116726,5.52026593411057e-07,"","","PPP2CA",NA,25.0731305234344,"5",134178636
"rs755817596",3.87539,0.809246,1.67702678851102e-06,"","","PPP2CA",NA,22.9334665214815,"5",134256985
"rs1375907022",2.62622,0.552639,2.01270441847493e-06,"","","PPP2CA",NA,22.5828707390764,"5",134297692
"rs547063030",0.643693,0.136645,2.46865272311665e-06,"","","PPP2CA",NA,22.190653017795,"5",134166062
"rs914812518",3.19681,0.682984,2.8595651789275e-06,"","","PPP2CA",NA,21.9084973120667,"5",134223469
"rs149921430",0.172436,0.0372144,3.59409870501335e-06,"","","PPP2CA",NA,21.4700886300495,"5",134209894
"rs1231208209",2.43583,0.545551,8.01032247470353e-06,"","","PPP2CA",NA,19.9353212084907,"5",134151673
"rs1486693473",5.191,1.16455,8.2916316381927e-06,"","","PPP2CA",NA,19.8694469167081,"5",134243510
