"SNP","beta","se","pval","effect_allele","other_allele","exposure","EAF","F","chr","pos"
"rs9423604",-0.0107794,0.00166683,9.99769767998157e-11,"","","TUBAL3",NA,41.8221696226938,"10",5354724
"rs1255086193",3.26539,0.653027,5.72150128744227e-07,"","","TUBAL3",NA,25.0039050446226,"10",5331981
"rs35941878",-0.200919,0.0413661,1.19115972278674e-06,"","","TUBAL3",NA,23.591353644164,"10",5501657
"rs547017711",-0.396351,0.0826421,1.61871354200985e-06,"","","TUBAL3",NA,23.0015566202888,"10",5394802
"rs191775754",-0.0926128,0.0195941,2.28338950183167e-06,"","","TUBAL3",NA,22.3404228424742,"10",5437439
"rs143688547",0.146446,0.0315008,3.33595358942328e-06,"","","TUBAL3",NA,21.6128411337613,"10",5481765
"rs10400011",-0.0111606,0.00240852,3.5901285547152e-06,"","","TUBAL3",NA,21.4721025323482,"10",5365604
"rs116925642",0.974304,0.212939,4.75083557634524e-06,"","","TUBAL3",NA,20.9352692460158,"10",5409803
"rs191306681",0.557735,0.122063,4.8953077556953e-06,"","","TUBAL3",NA,20.8779435375157,"10",5298283
"rs1160702629",-1.53517,0.338563,5.7772345523265e-06,"","","TUBAL3",NA,20.5605136993341,"10",5320582
